	Group1(30)	Group2(29)	Group3(44)
Group1	1.0	0.8678774773977947	0.08182790338254509	
Group2	0.8678774773977947	1.0	0.48789734885342595	
Group3	0.08182790338254509	0.48789734885342595	1.0	
