	Group1(29)	Group2(28)	Group3(42)
Group1	1.0	0.6326202350362147	0.8398811093259249	
Group2	0.6326202350362147	1.0	0.5358769964129818	
Group3	0.8398811093259249	0.5358769964129818	1.0	
