	Group1(30)	Group2(28)	Group3(41)
Group1	1.0	0.7793914803845207	0.9829926136438091	
Group2	0.7793914803845207	1.0	0.7081921952863637	
Group3	0.9829926136438091	0.7081921952863637	1.0	
