	Group1(29)	Group2(24)	Group3(37)
Group1	1.0	0.8878426392455837	0.9888653193619557	
Group2	0.8878426392455837	1.0	0.97349660211544	
Group3	0.9888653193619557	0.97349660211544	1.0	
