	Group1(30)	Group2(29)	Group3(44)
Group1	1.0	0.6732035536041752	0.42729670806205833	
Group2	0.6732035536041752	1.0	0.3586084454426973	
Group3	0.42729670806205833	0.3586084454426973	1.0	
