	Group1(16)	Group2(21)	Group3(32)
Group1	1.0	0.7217006665743397	0.09116320270502187	
Group2	0.7217006665743397	1.0	0.22114956177047163	
Group3	0.09116320270502187	0.22114956177047163	1.0	
