	Group1(29)	Group2(29)	Group3(40)
Group1	1.0	0.7912277967552497	0.7487858980578366	
Group2	0.7912277967552497	1.0	0.994084376308619	
Group3	0.7487858980578366	0.994084376308619	1.0	
