	Group1(29)	Group2(27)	Group3(40)
Group1	1.0	0.9692137091112641	0.06508669419700697	
Group2	0.9692137091112641	1.0	0.12356556565991295	
Group3	0.06508669419700697	0.12356556565991295	1.0	
