	Group1(9)	Group2(10)	Group3(14)
Group1	1.0	0.16782134274394334	0.31428921058750103	
Group2	0.16782134274394334	1.0	0.5704018241371855	
Group3	0.31428921058750103	0.5704018241371855	1.0	
