	Group1(29)	Group2(24)	Group3(37)
Group1	1.0	0.4868926180748536	0.14383517888117414	
Group2	0.4868926180748536	1.0	0.9840064409401229	
Group3	0.14383517888117414	0.9840064409401229	1.0	
