	Group1(30)	Group2(29)	Group3(44)
Group1	1.0	0.9999738212618615	0.9004146676987169	
Group2	0.9999738212618615	1.0	0.994431643771597	
Group3	0.9004146676987169	0.994431643771597	1.0	
