	Group1(20)	Group2(22)	Group3(29)
Group1	1.0	0.027168924272811146	0.5596493449418649	
Group2	0.027168924272811146	1.0	0.23130382485277	
Group3	0.5596493449418649	0.23130382485277	1.0	
