	Group1(38)	Group2(61)	Group3(52)	Group4(60)
Group1	1.0	0.9058234545207104	0.03916026166504716	0.07455510019191813	
Group2	0.9058234545207104	1.0	0.0076969668652423495	0.04833207875248402	
Group3	0.03916026166504716	0.0076969668652423495	1.0	0.13045655700712666	
Group4	0.07455510019191813	0.04833207875248402	0.13045655700712666	1.0	
