	Group1(35)	Group2(55)	Group3(49)	Group4(52)
Group1	1.0	0.7167916759999087	0.013965378149060959	0.04150973274550662	
Group2	0.7167916759999087	1.0	0.14768905503234286	0.19232095458438125	
Group3	0.013965378149060959	0.14768905503234286	1.0	0.7967144480971908	
Group4	0.04150973274550662	0.19232095458438125	0.7967144480971908	1.0	
