	Group1(38)	Group2(61)	Group3(51)	Group4(60)
Group1	1.0	5.551115123125783e-16	3.3306690738754696e-16	0.10939304829789542	
Group2	5.551115123125783e-16	1.0	0.005280076155736113	2.864784330048195e-20	
Group3	3.3306690738754696e-16	0.005280076155736113	1.0	0.0	
Group4	0.10939304829789542	2.864784330048195e-20	0.0	1.0	
