	Group1(38)	Group2(61)	Group3(51)	Group4(60)
Group1	1.0	0.08036717704049012	0.4816941027099674	0.9701602894489968	
Group2	0.08036717704049012	1.0	0.004687170180610045	0.038596820531135445	
Group3	0.4816941027099674	0.004687170180610045	1.0	0.985156850126501	
Group4	0.9701602894489968	0.038596820531135445	0.985156850126501	1.0	
