	Group1(38)	Group2(61)	Group3(51)	Group4(60)
Group1	1.0	0.4038214640524391	1.0366252013560562e-05	2.6988570984709526e-06	
Group2	0.4038214640524391	1.0	2.2279105005296174e-08	6.941706764962419e-09	
Group3	1.0366252013560562e-05	2.2279105005296174e-08	1.0	0.9810363575731211	
Group4	2.6988570984709526e-06	6.941706764962419e-09	0.9810363575731211	1.0	
