	Group1(31)	Group2(38)	Group3(37)	Group4(37)
Group1	1.0	0.2214374840149701	0.11001213778881369	0.18412235228733442	
Group2	0.2214374840149701	1.0	0.048790348465479916	0.21432156574644623	
Group3	0.11001213778881369	0.048790348465479916	1.0	0.8944468869217319	
Group4	0.18412235228733442	0.21432156574644623	0.8944468869217319	1.0	
