	Group1(38)	Group2(57)	Group3(48)	Group4(58)
Group1	1.0	0.7260476549343116	0.5064004106420125	0.9897473492562603	
Group2	0.7260476549343116	1.0	0.037943247851370265	0.46645480213157253	
Group3	0.5064004106420125	0.037943247851370265	1.0	0.624467869239876	
Group4	0.9897473492562603	0.46645480213157253	0.624467869239876	1.0	
