	Group1(37)	Group2(56)	Group3(49)	Group4(56)
Group1	1.0	0.1959318367438555	0.02580612414918615	0.2393755339891167	
Group2	0.1959318367438555	1.0	0.3463925708822545	0.9087526549328659	
Group3	0.02580612414918615	0.3463925708822545	1.0	0.7133440495936908	
Group4	0.2393755339891167	0.9087526549328659	0.7133440495936908	1.0	
