	Group1(13)	Group2(10)	Group3(14)	Group4(18)
Group1	1.0	0.32743478086054456	0.14575941131601367	0.27603650515271116	
Group2	0.32743478086054456	1.0	0.6425545670733448	0.24992764672398537	
Group3	0.14575941131601367	0.6425545670733448	1.0	0.1894109948421373	
Group4	0.27603650515271116	0.24992764672398537	0.1894109948421373	1.0	
