	Group1(38)	Group2(61)	Group3(51)	Group4(60)
Group1	1.0	0.0018543357776271696	3.3306690738754696e-16	1.1102230246251565e-16	
Group2	0.0018543357776271696	1.0	1.1102230246251565e-16	0.0	
Group3	3.3306690738754696e-16	1.1102230246251565e-16	1.0	1	
Group4	1.1102230246251565e-16	0.0	1	1.0	
