	Group1(38)	Group2(61)	Group3(51)	Group4(60)
Group1	1.0	0.9474402935111357	0.465392706216722	0.6620749338109884	
Group2	0.9474402935111357	1.0	0.8768261650205531	0.9979697778373443	
Group3	0.465392706216722	0.8768261650205531	1.0	0.9999999816731098	
Group4	0.6620749338109884	0.9979697778373443	0.9999999816731098	1.0	
