	Group1(28)	Group2(40)	Group3(37)	Group4(42)
Group1	1.0	0.30331931244698285	0.5379103098018148	0.32411968609422814	
Group2	0.30331931244698285	1.0	0.10930851442279577	0.009137572849747255	
Group3	0.5379103098018148	0.10930851442279577	1.0	0.7259802445621202	
Group4	0.32411968609422814	0.009137572849747255	0.7259802445621202	1.0	
