	Group1(28)	Group2(29)	Group3(40)
Group1	1.0	0.5108544096661841	0.48217646713412576	
Group2	0.5108544096661841	1.0	0.4306698518275339	
Group3	0.48217646713412576	0.4306698518275339	1.0	
