	Group1(28)	Group2(29)	Group3(40)
Group1	1.0	0.00649262460195188	0.9845796621039807	
Group2	0.00649262460195188	1.0	0.0014313116860752428	
Group3	0.9845796621039807	0.0014313116860752428	1.0	
