	Group1(28)	Group2(29)	Group3(40)
Group1	1.0	0.531298697266464	0.07043540004372928	
Group2	0.531298697266464	1.0	0.8820310386718089	
Group3	0.07043540004372928	0.8820310386718089	1.0	
