	Group1(28)	Group2(29)	Group3(40)
Group1	1.0	0.5210843231801643	0.7222039344358937	
Group2	0.5210843231801643	1.0	0.9302155543305493	
Group3	0.7222039344358937	0.9302155543305493	1.0	
