	Group1(28)	Group2(29)	Group3(40)
Group1	1.0	0.5006323029595249	0.3960687077146978	
Group2	0.5006323029595249	1.0	0.7872814302556674	
Group3	0.3960687077146978	0.7872814302556674	1.0	
