	Group1(28)	Group2(29)	Group3(40)
Group1	1.0	0.9195735218607848	0.9999327628610709	
Group2	0.9195735218607848	1.0	0.6427799012256853	
Group3	0.9999327628610709	0.6427799012256853	1.0	
