	Group1(28)	Group2(29)	Group3(40)
Group1	1.0	0.16237331278453748	0.08197575046631744	
Group2	0.16237331278453748	1.0	0.23013436672587562	
Group3	0.08197575046631744	0.23013436672587562	1.0	
