	Group1(28)	Group2(29)	Group3(40)
Group1	1.0	0.7132632302479891	0.6262668774049123	
Group2	0.7132632302479891	1.0	0.944554842320088	
Group3	0.6262668774049123	0.944554842320088	1.0	
