	Group1(28)	Group2(29)	Group3(40)
Group1	1.0	0.8218402728370562	0.7949527424562397	
Group2	0.8218402728370562	1.0	0.24853775756020058	
Group3	0.7949527424562397	0.24853775756020058	1.0	
