	Group1(28)	Group2(29)	Group3(40)
Group1	1.0	0.19359036873070312	0.9779931976570543	
Group2	0.19359036873070312	1.0	0.21619591683645123	
Group3	0.9779931976570543	0.21619591683645123	1.0	
