	Group1(28)	Group2(29)	Group3(40)
Group1	1.0	0.02526216640231449	0.5046340836083578	
Group2	0.02526216640231449	1.0	0.19505654380498372	
Group3	0.5046340836083578	0.19505654380498372	1.0	
