	Group1(28)	Group2(29)	Group3(40)
Group1	1.0	0.6229163798713195	0.6001953288370114	
Group2	0.6229163798713195	1.0	0.24853775756020058	
Group3	0.6001953288370114	0.24853775756020058	1.0	
