	Group1(28)	Group2(29)	Group3(40)
Group1	1.0	0.6765629136515539	0.3960687077146978	
Group2	0.6765629136515539	1.0	0.435730827474305	
Group3	0.3960687077146978	0.435730827474305	1.0	
