	Group1(28)	Group2(29)	Group3(40)
Group1	1.0	0.35811560832798417	0.7703770862486737	
Group2	0.35811560832798417	1.0	0.4306698518275339	
Group3	0.7703770862486737	0.4306698518275339	1.0	
