	Group1(28)	Group2(29)	Group3(40)
Group1	1.0	0.7513789883440898	0.9105926776094865	
Group2	0.7513789883440898	1.0	0.5138330976475154	
Group3	0.9105926776094865	0.5138330976475154	1.0	
