	Group1(28)	Group2(29)	Group3(40)
Group1	1.0	0.6028415829431877	0.08197575046631744	
Group2	0.6028415829431877	1.0	0.11366184433101689	
Group3	0.08197575046631744	0.11366184433101689	1.0	
