	Group1(28)	Group2(29)	Group3(40)
Group1	1.0	0.2221348344726548	0.08197575046631744	
Group2	0.2221348344726548	1.0	0.3969640985844627	
Group3	0.08197575046631744	0.3969640985844627	1.0	
