	Group1(28)	Group2(29)	Group3(40)
Group1	1.0	0.03905622532859643	0.16528833040660462	
Group2	0.03905622532859643	1.0	0.4595522162606923	
Group3	0.16528833040660462	0.4595522162606923	1.0	
