	Group1(28)	Group2(29)	Group3(40)
Group1	1.0	0.742230170803245	0.043935967987649094	
Group2	0.742230170803245	1.0	0.3957447417024126	
Group3	0.043935967987649094	0.3957447417024126	1.0	
