	Group1(28)	Group2(29)	Group3(40)
Group1	1.0	0.531298697266464	0.6262668774049123	
Group2	0.531298697266464	1.0	0.7918522313143244	
Group3	0.6262668774049123	0.7918522313143244	1.0	
