	Group1(28)	Group2(29)	Group3(40)
Group1	1.0	0.9670182337816431	0.28646177444153387	
Group2	0.9670182337816431	1.0	0.206920153943413	
Group3	0.28646177444153387	0.206920153943413	1.0	
