	Group1(28)	Group2(29)	Group3(40)
Group1	1.0	0.5415062542385732	0.8759730360587231	
Group2	0.5415062542385732	1.0	0.9619964878451	
Group3	0.8759730360587231	0.9619964878451	1.0	
