	Group1(28)	Group2(29)	Group3(40)
Group1	1.0	0.36734460729493723	0.05590230392229545	
Group2	0.36734460729493723	1.0	0.3969640985844627	
Group3	0.05590230392229545	0.3969640985844627	1.0	
