	Group1(28)	Group2(29)	Group3(40)
Group1	1.0	0.7868196956469141	0.11760165624191454	
Group2	0.7868196956469141	1.0	0.0801248497778414	
Group3	0.11760165624191454	0.0801248497778414	1.0	
