	Group1(28)	Group2(29)	Group3(40)
Group1	1.0	0.4563907701296521	0.6262668774049123	
Group2	0.4563907701296521	1.0	0.9996365718274234	
Group3	0.6262668774049123	0.9996365718274234	1.0	
