	Group1(28)	Group2(29)	Group3(40)
Group1	1.0	0.00239657503236812	0.08811414464975253	
Group2	0.00239657503236812	1.0	0.0866566773480677	
Group3	0.08811414464975253	0.0866566773480677	1.0	
