	Group1(28)	Group2(29)	Group3(40)
Group1	1.0	0.8218402728370562	0.5518611617629872	
Group2	0.8218402728370562	1.0	0.23880495769444987	
Group3	0.5518611617629872	0.23880495769444987	1.0	
