	Group1(27)	Group2(49)	Group3(50)	Group4(58)	Group5(46)
Group1	1.0	0.2345111674124174	0.9150264126614637	0.18899070262285766	0.025846722456253968	
Group2	0.2345111674124174	1.0	0.3632055838240942	0.4249284736130903	0.06703373347963493	
Group3	0.9150264126614637	0.3632055838240942	1.0	0.5227604567052042	0.05303947134197973	
Group4	0.18899070262285766	0.4249284736130903	0.5227604567052042	1.0	0.31323790587846945	
Group5	0.025846722456253968	0.06703373347963493	0.05303947134197973	0.31323790587846945	1.0	
