	Group1(22)	Group2(44)	Group3(45)	Group4(53)	Group5(42)
Group1	1.0	0.8399800287902167	0.802781002563318	0.7834993605164846	0.5706497773709577	
Group2	0.8399800287902167	1.0	0.474902630652694	0.7264866413427489	0.11107734034656214	
Group3	0.802781002563318	0.474902630652694	1.0	0.4043580809416002	0.2493897965324997	
Group4	0.7834993605164846	0.7264866413427489	0.4043580809416002	1.0	0.4124436076808409	
Group5	0.5706497773709577	0.11107734034656214	0.2493897965324997	0.4124436076808409	1.0	
