	Group1(27)	Group2(47)	Group3(45)	Group4(55)	Group5(44)
Group1	1.0	0.32593143021297843	0.7088724296627977	0.9710887846976987	0.9634798066124814	
Group2	0.32593143021297843	1.0	0.07662206617348244	0.22483418014547651	0.3253177398105386	
Group3	0.7088724296627977	0.07662206617348244	1.0	0.7293517762913599	0.758001885510008	
Group4	0.9710887846976987	0.22483418014547651	0.7293517762913599	1.0	0.9765551352490134	
Group5	0.9634798066124814	0.3253177398105386	0.758001885510008	0.9765551352490134	1.0	
