	Group1(22)	Group2(36)	Group3(33)	Group4(44)	Group5(35)
Group1	1.0	0.9820295044090525	0.5478339986407568	1.0	0.8162034289001115	
Group2	0.9820295044090525	1.0	0.6446622479740618	0.9990287332975859	0.6318110979478426	
Group3	0.5478339986407568	0.6446622479740618	1.0	0.32488218401067104	0.9733513330218764	
Group4	1.0	0.9990287332975859	0.32488218401067104	1.0	0.9307411203743133	
Group5	0.8162034289001115	0.6318110979478426	0.9733513330218764	0.9307411203743133	1.0	
