	Group1(27)	Group2(49)	Group3(50)	Group4(58)	Group5(46)
Group1	1.0	0.7177951082398252	0.6381038682400547	0.6144337510704695	0.9992388808162811	
Group2	0.7177951082398252	1.0	0.999637657756011	0.9998505927144433	0.9474241096139636	
Group3	0.6381038682400547	0.999637657756011	1.0	0.9952488976259561	0.90105378221052	
Group4	0.6144337510704695	0.9998505927144433	0.9952488976259561	1.0	0.8803214298493132	
Group5	0.9992388808162811	0.9474241096139636	0.90105378221052	0.8803214298493132	1.0	
