	Group1(17)	Group2(43)	Group3(32)	Group4(32)	Group5(34)
Group1	1.0	0.9195203140026351	0.8965103694390797	0.4669445446175996	0.38881391559677314	
Group2	0.9195203140026351	1.0	0.5891475011586683	0.6688765419225484	0.199751929235088	
Group3	0.8965103694390797	0.5891475011586683	1.0	0.43373609970146565	0.1511020531551508	
Group4	0.4669445446175996	0.6688765419225484	0.43373609970146565	1.0	0.6524308292344587	
Group5	0.38881391559677314	0.199751929235088	0.1511020531551508	0.6524308292344587	1.0	
