	Group1(5)	Group2(13)	Group3(16)	Group4(15)	Group5(15)
Group1	1.0	0.680672268907563	0.5854341736694677	0.7701238390092879	0.7701238390092879	
Group2	0.680672268907563	1.0	0.9812811270908848	0.9613887660327289	0.9830239494730005	
Group3	0.5854341736694677	0.9812811270908848	1.0	0.9784531084103409	0.9047842302757539	
Group4	0.7701238390092879	0.9613887660327289	0.9784531084103409	1.0	0.6781382270680966	
Group5	0.7701238390092879	0.9830239494730005	0.9047842302757539	0.6781382270680966	1.0	
