	Group1(22)	Group2(36)	Group3(33)	Group4(44)	Group5(35)
Group1	1.0	0.9691924200532739	0.9498616109775323	0.999999827749951	0.9567808496300274	
Group2	0.9691924200532739	1.0	0.9296502728131479	0.999825803758712	0.9964719415366409	
Group3	0.9498616109775323	0.9296502728131479	1.0	0.9999511231801967	0.8201422516326105	
Group4	0.999999827749951	0.999825803758712	0.9999511231801967	1.0	0.9994668994446645	
Group5	0.9567808496300274	0.9964719415366409	0.8201422516326105	0.9994668994446645	1.0	
