	Group1(27)	Group2(49)	Group3(50)	Group4(58)	Group5(46)
Group1	1.0	0.3862722625933095	0.7067492663785053	0.8999524471315841	0.3617226032201394	
Group2	0.3862722625933095	1.0	0.9291448743808224	0.9805346605359162	0.7420009074609872	
Group3	0.7067492663785053	0.9291448743808224	1.0	0.9999999999699984	0.9999840456997688	
Group4	0.8999524471315841	0.9805346605359162	0.9999999999699984	1.0	0.9682081236908631	
Group5	0.3617226032201394	0.7420009074609872	0.9999840456997688	0.9682081236908631	1.0	
