	Group1(21)	Group2(40)	Group3(38)	Group4(30)	Group5(32)
Group1	1.0	0.347390218128117	0.5999120812001535	0.07668158720732632	0.28214053121429195	
Group2	0.347390218128117	1.0	0.040360417689484174	0.3538624602764793	0.807381809119233	
Group3	0.5999120812001535	0.040360417689484174	1.0	0.028031711510072	0.034852690622845905	
Group4	0.07668158720732632	0.3538624602764793	0.028031711510072	1.0	0.24903038694939406	
Group5	0.28214053121429195	0.807381809119233	0.034852690622845905	0.24903038694939406	1.0	
