	Group1(36)	Group2(24)	Group3(26)	Group4(68)	Group5(38)	Group6(38)
Group1	1.0	0.11792243946261916	0.2847786861105486	0.5722543862671463	0.759140221038014	0.9840431491031872	
Group2	0.11792243946261916	1.0	0.49278649170817557	0.006311794529860859	0.4466921860939569	0.0977664376063988	
Group3	0.2847786861105486	0.49278649170817557	1.0	0.09822808627909463	0.2765875030838316	0.2656107608041155	
Group4	0.5722543862671463	0.006311794529860859	0.09822808627909463	1.0	0.06564014733833101	0.28510856244664695	
Group5	0.759140221038014	0.4466921860939569	0.2765875030838316	0.06564014733833101	1.0	0.7378793870697806	
Group6	0.9840431491031872	0.0977664376063988	0.2656107608041155	0.28510856244664695	0.7378793870697806	1.0	
