	Group1(17)	Group2(21)	Group3(21)	Group4(51)	Group5(28)	Group6(20)
Group1	1.0	0.4111549803203126	0.24868973756524893	0.14668906344885146	0.418876196422028	0.2809814153626121	
Group2	0.4111549803203126	1.0	0.8530789718547532	0.9989676344112972	0.8998409948564121	0.38000720523931775	
Group3	0.24868973756524893	0.8530789718547532	1.0	0.9837887369456704	0.9717576667621296	0.38000720523931775	
Group4	0.14668906344885146	0.9989676344112972	0.9837887369456704	1.0	0.9181144426016858	0.1520095437471295	
Group5	0.418876196422028	0.8998409948564121	0.9717576667621296	0.9181144426016858	1.0	0.3601165293748173	
Group6	0.2809814153626121	0.38000720523931775	0.38000720523931775	0.1520095437471295	0.3601165293748173	1.0	
