	Group1(35)	Group2(22)	Group3(24)	Group4(56)	Group5(23)	Group6(17)
Group1	1.0	0.32109211364361256	0.8270215005074415	0.0687347322087497	0.16747463776022642	0.6826259422660188	
Group2	0.32109211364361256	1.0	0.7535864531786686	0.06519560314716355	0.02008117589011349	0.8258667865121007	
Group3	0.8270215005074415	0.7535864531786686	1.0	0.057002112711748154	0.058663496207980836	0.8702541430256292	
Group4	0.0687347322087497	0.06519560314716355	0.057002112711748154	1.0	0.5597392087951734	0.195635185119435	
Group5	0.16747463776022642	0.02008117589011349	0.058663496207980836	0.5597392087951734	1.0	0.19442161192234375	
Group6	0.6826259422660188	0.8258667865121007	0.8702541430256292	0.195635185119435	0.19442161192234375	1.0	
