	Group1(36)	Group2(24)	Group3(26)	Group4(68)	Group5(38)	Group6(38)
Group1	1.0	0.9979544827051986	0.9937214720581447	0.8337549088310037	0.21427709225594094	1.0	
Group2	0.9979544827051986	1.0	0.62373601855681	0.31562436247075887	0.06006060399599711	0.9999880606649462	
Group3	0.9937214720581447	0.62373601855681	1.0	0.9999999999998198	0.892946966882441	0.9261592477732742	
Group4	0.8337549088310037	0.31562436247075887	0.9999999999998198	1.0	0.8708403309010045	0.5791176078913647	
Group5	0.21427709225594094	0.06006060399599711	0.892946966882441	0.8708403309010045	1.0	0.14451472018143485	
Group6	1.0	0.9999880606649462	0.9261592477732742	0.5791176078913647	0.14451472018143485	1.0	
