	Group1(35)	Group2(35)	Group3(36)	Group4(47)	Group5(22)	Group6(14)	Group7(29)
Group1	1.0	0.6901844796763249	0.20211799069497305	0.5754769789066996	0.8331047048648	0.7665379390076725	0.9020635627716523	
Group2	0.6901844796763249	1.0	0.43827771950267713	0.3709585523791259	0.3573296710263453	0.9407351314920316	0.8600326460950047	
Group3	0.20211799069497305	0.43827771950267713	1.0	0.009889077174875971	0.0973804317596968	0.6426736505043829	0.14678397547224042	
Group4	0.5754769789066996	0.3709585523791259	0.009889077174875971	1.0	0.5448315369006409	0.20725455613622623	0.7008541823043528	
Group5	0.8331047048648	0.3573296710263453	0.0973804317596968	0.5448315369006409	1.0	0.4606076910943644	0.33850406861028737	
Group6	0.7665379390076725	0.9407351314920316	0.6426736505043829	0.20725455613622623	0.4606076910943644	1.0	0.6428009792626956	
Group7	0.9020635627716523	0.8600326460950047	0.14678397547224042	0.7008541823043528	0.33850406861028737	0.6428009792626956	1.0	
