	Group1(36)	Group2(19)	Group3(30)	Group4(42)	Group5(10)	Group6(12)	Group7(21)
Group1	1.0	0.7808228323740325	0.832367194776723	0.9308146085478116	0.9404136840766467	0.9997591851740801	0.1986238499097518	
Group2	0.7808228323740325	1.0	0.9903142977387979	0.9991356511897256	0.9902370493075141	0.8748657433070066	0.8362876454359744	
Group3	0.832367194776723	0.9903142977387979	1.0	0.9922618565794074	1.0	0.9501989971187941	0.7627384105426822	
Group4	0.9308146085478116	0.9991356511897256	0.9922618565794074	1.0	0.9961013335288055	0.9994428596560108	0.5248489837299037	
Group5	0.9404136840766467	0.9902370493075141	1.0	0.9961013335288055	1.0	0.9527933366942655	0.9872673859325695	
Group6	0.9997591851740801	0.8748657433070066	0.9501989971187941	0.9994428596560108	0.9527933366942655	1.0	0.38009415943956726	
Group7	0.1986238499097518	0.8362876454359744	0.7627384105426822	0.5248489837299037	0.9872673859325695	0.38009415943956726	1.0	
