	Group1(36)	Group2(36)	Group3(40)	Group4(48)	Group5(24)	Group6(16)	Group7(30)
Group1	1.0	0.706866891160545	0.2710330703250067	0.2629954711422837	0.3612259048978014	0.39031773099428757	0.13197282776058528	
Group2	0.706866891160545	1.0	0.4436857334359544	0.7800084181649727	0.6930451031129139	0.9984739412055065	0.972165294118451	
Group3	0.2710330703250067	0.4436857334359544	1.0	0.9648765007202006	0.8875366921424732	0.996004450560215	0.733047676027595	
Group4	0.2629954711422837	0.7800084181649727	0.9648765007202006	1.0	0.9940328669352136	0.9999999998658498	0.9828171102130521	
Group5	0.3612259048978014	0.6930451031129139	0.8875366921424732	0.9940328669352136	1.0	0.9960750546835533	0.9159148844123697	
Group6	0.39031773099428757	0.9984739412055065	0.996004450560215	0.9999999998658498	0.9960750546835533	1.0	0.9905983341302673	
Group7	0.13197282776058528	0.972165294118451	0.733047676027595	0.9828171102130521	0.9159148844123697	0.9905983341302673	1.0	
