	Group1(17)	Group2(22)	Group3(31)	Group4(43)	Group5(15)	Group6(12)	Group7(18)
Group1	1.0	0.19457624556501274	0.1544097608476206	0.2590843940873754	0.32673629229527856	0.19566912129052105	0.1436201192504536	
Group2	0.19457624556501274	1.0	0.7362326981480336	0.8342571151634771	0.7941729038894403	0.0562353219828563	0.9178408934666968	
Group3	0.1544097608476206	0.7362326981480336	1.0	0.5081497377387754	0.9992010459095079	0.028613450679781383	0.9652071349328509	
Group4	0.2590843940873754	0.8342571151634771	0.5081497377387754	1.0	0.45568653992706043	0.06660261209651785	0.7179091845669168	
Group5	0.32673629229527856	0.7941729038894403	0.9992010459095079	0.45568653992706043	1.0	0.03980496851677351	0.9432629938310672	
Group6	0.19566912129052105	0.0562353219828563	0.028613450679781383	0.06660261209651785	0.03980496851677351	1.0	0.13571943929712404	
Group7	0.1436201192504536	0.9178408934666968	0.9652071349328509	0.7179091845669168	0.9432629938310672	0.13571943929712404	1.0	
