	Group1(35)	Group2(19)	Group3(33)	Group4(42)	Group5(9)	Group6(14)	Group7(25)
Group1	1.0	0.17326752421582114	0.29522556345364404	0.567978413069063	0.1596623402755294	0.6893891186396344	0.030429897459706146	
Group2	0.17326752421582114	1.0	0.650680869254606	0.4352995899474166	0.35407230450708693	0.22709211010330588	0.8730122380620792	
Group3	0.29522556345364404	0.650680869254606	1.0	0.22122770168364236	0.07898931805901521	0.26860216535502035	0.40273042568179285	
Group4	0.567978413069063	0.4352995899474166	0.22122770168364236	1.0	0.5012483136388017	0.9157857020919212	0.28661977930001115	
Group5	0.1596623402755294	0.35407230450708693	0.07898931805901521	0.5012483136388017	1.0	0.911490595822269	0.06401863856224899	
Group6	0.6893891186396344	0.22709211010330588	0.26860216535502035	0.9157857020919212	0.911490595822269	1.0	0.14360253781850507	
Group7	0.030429897459706146	0.8730122380620792	0.40273042568179285	0.28661977930001115	0.06401863856224899	0.14360253781850507	1.0	
