	Group1(3)	Group2(6)	Group3(15)	Group4(16)	Group5(7)	Group6(11)	Group7(6)
Group1	1.0	0.9880952380952381	0.2720588235294118	0.9721362229102167	0.85	0.9010989010989011	0.9880952380952381	
Group2	0.9880952380952381	1.0	0.13356921716054848	0.4829989412032756	0.33275058275058267	0.648513251454428	0.9307359307359307	
Group3	0.2720588235294118	0.13356921716054848	1.0	0.006930959767295408	0.05780326484660858	0.013578802406370105	0.005749668288367982	
Group4	0.9721362229102167	0.4829989412032756	0.006930959767295408	1.0	0.6928498880309353	0.9978794122824275	0.8359937276345946	
Group5	0.85	0.33275058275058267	0.05780326484660858	0.6928498880309353	1.0	0.6719457013574661	0.5279720279720279	
Group6	0.9010989010989011	0.648513251454428	0.013578802406370105	0.9978794122824275	0.6719457013574661	1.0	0.8274886877828054	
Group7	0.9880952380952381	0.9307359307359307	0.005749668288367982	0.8359937276345946	0.5279720279720279	0.8274886877828054	1.0	
