	Group1(36)	Group2(36)	Group3(40)	Group4(48)	Group5(24)	Group6(16)	Group7(30)
Group1	1.0	0.8848803300554184	0.9130872129056614	0.9912119001129179	0.9999999995346434	0.7281355383554746	0.9999999363209243	
Group2	0.8848803300554184	1.0	0.9993176123836944	0.9998158352152953	0.6041156532672729	0.9999999999752972	0.972165294118451	
Group3	0.9130872129056614	0.9993176123836944	1.0	0.9971633426241694	0.6927866430421469	0.9999989664392717	0.9998622790200693	
Group4	0.9912119001129179	0.9998158352152953	0.9971633426241694	1.0	0.9593809913243385	0.988505062097345	0.7727817772864038	
Group5	0.9999999995346434	0.6041156532672729	0.6927866430421469	0.9593809913243385	1.0	0.5377063863066541	0.9971442736090205	
Group6	0.7281355383554746	0.9999999999752972	0.9999989664392717	0.988505062097345	0.5377063863066541	1.0	0.9358528701940443	
Group7	0.9999999363209243	0.972165294118451	0.9998622790200693	0.7727817772864038	0.9971442736090205	0.9358528701940443	1.0	
