	Group1(15)	Group2(27)	Group3(35)	Group4(34)	Group5(20)	Group6(6)	Group7(24)
Group1	1.0	1.6060798728512182e-05	2.1350181520496392e-05	0.0034591425453877056	3.2241943541677642e-06	0.0010319917440659854	0.0028571105068212477	
Group2	1.6060798728512182e-05	1.0	0.48232858552084734	0.03183546823206351	0.9392657445256474	0.7081082154775147	0.07791456778199823	
Group3	2.1350181520496392e-05	0.48232858552084734	1.0	0.38878322605666726	0.4924092089648263	0.22253239711519568	0.1319405556233928	
Group4	0.0034591425453877056	0.03183546823206351	0.38878322605666726	1.0	0.03435679848007123	0.030845825582667574	0.867667060308908	
Group5	3.2241943541677642e-06	0.9392657445256474	0.4924092089648263	0.03435679848007123	1.0	0.4091300004343482	0.02758566298366294	
Group6	0.0010319917440659854	0.7081082154775147	0.22253239711519568	0.030845825582667574	0.4091300004343482	1.0	0.0568936044798114	
Group7	0.0028571105068212477	0.07791456778199823	0.1319405556233928	0.867667060308908	0.02758566298366294	0.0568936044798114	1.0	
